Account,Company,Transaction Date,JV Value
Books-CDs-Audio-Video,Amazon EU,21/07/2014,29.98
Books-CDs-Audio-Video,Amazon EU,10/07/2014,45.88
Books-CDs-Audio-Video,Amazon EU,12/08/2014,11.22
Books-CDs-Audio-Video,Amazon EU,22/08/2014,9.34
Books-CDs-Audio-Video,Amazon EU,12/08/2014,18.3
Books-CDs-Audio-Video,Amazon EU,18/08/2014,69.56
Books-CDs-Audio-Video,Amazon EU,21/08/2014,51.29
Books-CDs-Audio-Video,Amazon EU,06/08/2014,10.31
Books-CDs-Audio-Video,Amazon EU,15/08/2014,123.29
Books-CDs-Audio-Video,Amazon EU,11/08/2014,60.7
Books-CDs-Audio-Video,Amazon EU,22/08/2014,66.62
Books-CDs-Audio-Video,Amazon EU,14/08/2014,-14.38
Books-CDs-Audio-Video,Amazon EU,01/09/2014,9.99
Books-CDs-Audio-Video,Amazon EU,11/08/2014,19.21
Books-CDs-Audio-Video,Amazon EU,22/09/2014,136.77
Books-CDs-Audio-Video,Amazon EU,30/09/2014,52.09
Books-CDs-Audio-Video,Amazon EU,07/10/2014,12.75
Books-CDs-Audio-Video,Amazon EU,07/10/2014,30.68
Books-CDs-Audio-Video,Amazon EU,22/10/2014,19.08
Books-CDs-Audio-Video,Amazon EU,13/10/2014,20.64
Books-CDs-Audio-Video,Amazon EU,27/10/2014,9.47
Books-CDs-Audio-Video,Amazon EU,06/10/2014,19.74
Books-CDs-Audio-Video,Amazon EU,15/10/2014,396.99
Books-CDs-Audio-Video,Amazon EU,24/10/2014,19.3
Books-CDs-Audio-Video,Amazon EU,27/10/2014,19.3
Books-CDs-Audio-Video,Amazon EU,03/10/2014,123.29
Books-CDs-Audio-Video,Amazon EU,06/10/2014,60
Books-CDs-Audio-Video,Amazon EU,20/10/2014,279.86
Books-CDs-Audio-Video,Amazon EU,13/10/2014,110
Books-CDs-Audio-Video,Amazon EU,10/10/2014,53.56
Books-CDs-Audio-Video,Amazon EU,08/10/2014,110
Books-CDs-Audio-Video,Amazon EU,02/10/2014,14.99
Books-CDs-Audio-Video,Amazon EU,02/10/2014,51.66
Books-CDs-Audio-Video,Amazon EU,09/10/2014,59.97
Books-CDs-Audio-Video,Amazon EU,09/10/2014,39.98
Books-CDs-Audio-Video,Amazon EU,01/12/2014,13.99
Books-CDs-Audio-Video,Amazon EU,06/11/2014,22.39
Books-CDs-Audio-Video,Amazon EU,21/11/2014,81.99
Books-CDs-Audio-Video,Amazon EU,20/11/2014,25
Books-CDs-Audio-Video,Amazon EU,06/11/2014,10.8
Books-CDs-Audio-Video,Amazon EU,21/11/2014,94.66
Books-CDs-Audio-Video,Amazon EU,25/11/2014,129.54
Books-CDs-Audio-Video,Amazon EU,06/11/2014,41.8
Books-CDs-Audio-Video,Amazon EU,24/11/2014,114.28
Books-CDs-Audio-Video,Amazon EU,21/11/2014,74.84
Books-CDs-Audio-Video,Amazon EU,24/11/2014,65.24
Books-CDs-Audio-Video,Amazon EU,24/11/2014,17.28
Books-CDs-Audio-Video,Amazon EU,21/11/2014,17.28
Books-CDs-Audio-Video,Amazon EU,21/11/2014,9.13
Books-CDs-Audio-Video,Amazon EU,19/11/2014,19.9
Books-CDs-Audio-Video,Amazon EU,19/11/2014,32.53
Books-CDs-Audio-Video,Amazon EU,21/11/2014,24.57
Books-CDs-Audio-Video,Amazon EU,26/11/2014,42.59
Books-CDs-Audio-Video,Amazon EU,08/12/2014,121.1
Books-CDs-Audio-Video,Amazon EU,05/12/2014,364.59
Books-CDs-Audio-Video,Amazon EU,18/12/2014,12.54
Books-CDs-Audio-Video,Amazon EU,16/12/2014,27.98
Books-CDs-Audio-Video,Amazon EU,12/12/2014,11.76
Books-CDs-Audio-Video,Amazon EU,11/12/2014,231.9
Books-CDs-Audio-Video,Amazon EU,11/12/2014,117.21
Books-CDs-Audio-Video,Amazon EU,11/12/2014,13.07
Books-CDs-Audio-Video,Amazon EU,05/12/2014,109.52
Books-CDs-Audio-Video,Amazon EU,05/12/2014,109.52
Books-CDs-Audio-Video,Amazon EU,05/12/2014,109.52
Books-CDs-Audio-Video,Amazon EU,08/01/2015,29.97
Books-CDs-Audio-Video,Amazon EU,19/01/2015,67.99
Books-CDs-Audio-Video,SAINSBURYS,15/01/2015,10.24
Books-CDs-Audio-Video,SAINSBURYS,16/01/2015,5.12
Books-CDs-Audio-Video,SAINSBURYS,15/01/2015,5.12
Books-CDs-Audio-Video,SAINSBURYS,15/01/2015,45.22
Books-CDs-Audio-Video,SAINSBURYS,12/01/2015,86.42
Books-CDs-Audio-Video,SAINSBURYS,15/01/2015,8.6
Books-CDs-Audio-Video,SAINSBURYS,05/01/2015,18.99
Books-CDs-Audio-Video,SAINSBURYS,14/01/2015,10.8
Books-CDs-Audio-Video,SAINSBURYS,14/01/2015,6.59
Books-CDs-Audio-Video,SAINSBURYS,24/04/2014,36.75
Books-CDs-Audio-Video,SAINSBURYS,25/04/2014,5.98
Books-CDs-Audio-Video,SAINSBURYS,28/04/2014,195.98
Books-CDs-Audio-Video,SAINSBURYS,21/04/2014,63.72
Books-CDs-Audio-Video,SAINSBURYS,16/04/2014,11.98
Books-CDs-Audio-Video,SAINSBURYS,01/05/2014,4.2
Books-CDs-Audio-Video,SAINSBURYS,22/04/2014,4.4
Books-CDs-Audio-Video,SAINSBURYS,24/04/2014,6.89
Books-CDs-Audio-Video,SAINSBURYS,18/04/2014,184.98
Books-CDs-Audio-Video,SAINSBURYS,18/04/2014,2.45
Books-CDs-Audio-Video,SAINSBURYS,18/04/2014,18.99
Books-CDs-Audio-Video,SAINSBURYS,18/04/2014,14.91
Books-CDs-Audio-Video,SAINSBURYS,21/04/2014,10
Books-CDs-Audio-Video,SAINSBURYS,18/04/2014,19.96
Books-CDs-Audio-Video,SAINSBURYS,24/04/2014,30.72
Books-CDs-Audio-Video,SAINSBURYS,18/04/2014,11.98
Books-CDs-Audio-Video,SAINSBURYS,29/05/2014,129.93
Books-CDs-Audio-Video,SAINSBURYS,26/05/2014,1.19
Books-CDs-Audio-Video,SAINSBURYS,26/05/2014,1.98
Books-CDs-Audio-Video,SAINSBURYS,26/05/2014,3.98
Books-CDs-Audio-Video,SAINSBURYS,21/05/2014,16.7
Books-CDs-Audio-Video,SAINSBURYS,20/05/2014,18.87
Books-CDs-Audio-Video,SAINSBURYS,20/05/2014,9.74
Books-CDs-Audio-Video,SAINSBURYS,14/05/2014,269.58
Books-CDs-Audio-Video,SAINSBURYS,02/06/2014,9.25
Books-CDs-Audio-Video,SAINSBURYS,30/05/2014,25.15
Books-CDs-Audio-Video,SAINSBURYS,02/06/2014,15.66
Books-CDs-Audio-Video,SAINSBURYS,05/05/2014,159.97
Books-CDs-Audio-Video,SAINSBURYS,23/05/2014,13.3
Books-CDs-Audio-Video,SAINSBURYS,23/05/2014,17.98
Books-CDs-Audio-Video,SAINSBURYS,12/05/2014,28.9
Books-CDs-Audio-Video,SAINSBURYS,12/05/2014,4.86
Books-CDs-Audio-Video,SAINSBURYS,12/05/2014,30.95
Books-CDs-Audio-Video,SAINSBURYS,14/05/2014,14.98
Books-CDs-Audio-Video,SAINSBURYS,23/05/2014,46.29
Books-CDs-Audio-Video,SAINSBURYS,23/05/2014,44.99
Books-CDs-Audio-Video,SAINSBURYS,30/06/2014,11.8
Books-CDs-Audio-Video,SAINSBURYS,30/06/2014,10.4
Books-CDs-Audio-Video,SAINSBURYS,13/06/2014,59.5
Books-CDs-Audio-Video,SAINSBURYS,19/06/2014,83.32
Books-CDs-Audio-Video,SAINSBURYS,24/06/2014,53.09
Books-CDs-Audio-Video,SAINSBURYS,23/06/2014,15.29
Books-CDs-Audio-Video,SAINSBURYS,11/06/2014,23.85
Books-CDs-Audio-Video,SAINSBURYS,03/06/2014,-13.3
Books-CDs-Audio-Video,SAINSBURYS,01/07/2014,7
Books-CDs-Audio-Video,SAINSBURYS,01/07/2014,6.85
Books-CDs-Audio-Video,SAINSBURYS,01/07/2014,2.22
Books-CDs-Audio-Video,SAINSBURYS,11/06/2014,45.05
Books-CDs-Audio-Video,SAINSBURYS,04/06/2014,5.99
Books-CDs-Audio-Video,SAINSBURYS,01/07/2014,4.99
Books-CDs-Audio-Video,SAINSBURYS,18/06/2014,25.65
Books-CDs-Audio-Video,JS ONLINE GROCERY,18/06/2014,1.98
Books-CDs-Audio-Video,JS ONLINE GROCERY,19/06/2014,2.96
Books-CDs-Audio-Video,JS ONLINE GROCERY,12/06/2014,-44.99
Books-CDs-Audio-Video,JS ONLINE GROCERY,10/07/2014,27.93
Books-CDs-Audio-Video,JS ONLINE GROCERY,11/07/2014,2.48
Books-CDs-Audio-Video,JS ONLINE GROCERY,14/07/2014,80.64
Books-CDs-Audio-Video,JS ONLINE GROCERY,29/07/2014,9
Books-CDs-Audio-Video,JS ONLINE GROCERY,25/07/2014,12.99
Books-CDs-Audio-Video,JS ONLINE GROCERY,31/07/2014,8.5
Books-CDs-Audio-Video,JS ONLINE GROCERY,04/07/2014,19.47
Books-CDs-Audio-Video,JS ONLINE GROCERY,21/07/2014,51.95
Books-CDs-Audio-Video,JS ONLINE GROCERY,17/07/2014,5.99
Books-CDs-Audio-Video,JS ONLINE GROCERY,01/08/2014,5.34
Books-CDs-Audio-Video,JS ONLINE GROCERY,31/07/2014,23.29
Books-CDs-Audio-Video,JS ONLINE GROCERY,28/07/2014,17.99
Books-CDs-Audio-Video,JS ONLINE GROCERY,28/07/2014,10.8
Books-CDs-Audio-Video,JS ONLINE GROCERY,18/07/2014,7.95
Books-CDs-Audio-Video,JS ONLINE GROCERY,18/07/2014,43.67
Books-CDs-Audio-Video,JS ONLINE GROCERY,17/07/2014,26.82
Books-CDs-Audio-Video,JS ONLINE GROCERY,18/07/2014,2.99
Books-CDs-Audio-Video,JS ONLINE GROCERY,28/07/2014,1.2
Books-CDs-Audio-Video,JS ONLINE GROCERY,28/07/2014,0.84
Books-CDs-Audio-Video,JS ONLINE GROCERY,17/07/2014,65.99
Books-CDs-Audio-Video,JS ONLINE GROCERY,28/07/2014,2.7
Books-CDs-Audio-Video,ASDA SUPERSTORE,25/07/2014,9.1
Books-CDs-Audio-Video,ASDA SUPERSTORE,02/07/2014,9
Books-CDs-Audio-Video,ASDA SUPERSTORE,02/07/2014,2.52
Books-CDs-Audio-Video,ASDA SUPERSTORE,14/08/2014,8.53
Books-CDs-Audio-Video,ASDA SUPERSTORE,01/09/2014,56.9
Books-CDs-Audio-Video,ASDA SUPERSTORE,05/08/2014,17.65
Books-CDs-Audio-Video,ASDA SUPERSTORE,14/08/2014,29.4
Books-CDs-Audio-Video,ASDA SUPERSTORE,07/08/2014,65
Books-CDs-Audio-Video,ASDA SUPERSTORE,13/08/2014,-65.99
Books-CDs-Audio-Video,ASDA SUPERSTORE,01/09/2014,23.07
Books-CDs-Audio-Video,ASDA SUPERSTORE,13/08/2014,25.98
Books-CDs-Audio-Video,ASDA SUPERSTORE,14/08/2014,17.52
Books-CDs-Audio-Video,ASDA SUPERSTORE,14/08/2014,160.94
Books-CDs-Audio-Video,ASDA SUPERSTORE,06/08/2014,15.2
Books-CDs-Audio-Video,ASDA SUPERSTORE,07/08/2014,18.81
Books-CDs-Audio-Video,ASDA SUPERSTORE,11/08/2014,15.98
Books-CDs-Audio-Video,ASDA SUPERSTORE,21/08/2014,14.8
Books-CDs-Audio-Video,TESCO STORE,29/08/2014,12.68
Books-CDs-Audio-Video,TESCO STORE,17/09/2014,9.89
Books-CDs-Audio-Video,TESCO STORE,17/09/2014,7.2
Books-CDs-Audio-Video,TESCO STORE,17/09/2014,206.82
Books-CDs-Audio-Video,TESCO STORE,18/09/2014,10.98
Books-CDs-Audio-Video,TESCO STORE,12/09/2014,14.98
Books-CDs-Audio-Video,TESCO STORE,22/09/2014,31.64
Books-CDs-Audio-Video,TESCO STORE,04/09/2014,54.67
Books-CDs-Audio-Video,TESCO STORE,23/09/2014,4.9
Books-CDs-Audio-Video,TESCO STORE,30/09/2014,15.5
Books-CDs-Audio-Video,TESCO STORE,30/09/2014,7.98
Books-CDs-Audio-Video,TESCO STORE,26/09/2014,71.9
Books-CDs-Audio-Video,TESCO STORE,26/09/2014,11.18
Books-CDs-Audio-Video,TESCO STORE,12/09/2014,68.97
Cleaning and domestic material,Amazon EU,29/09/2014,41.2
Cleaning and domestic material,Amazon EU,29/09/2014,192.8
Cleaning and domestic material,Amazon EU,06/10/2014,42.95
Cleaning and domestic material,Amazon EU,30/10/2014,135.6
Cleaning and domestic material,Amazon EU,03/10/2014,101.27
Cleaning and domestic material,Amazon EU,03/10/2014,99.16
Cleaning and domestic material,Amazon EU,17/10/2014,4.65
Cleaning and domestic material,Amazon EU,16/10/2014,19.09
Cleaning and domestic material,Amazon EU,13/10/2014,7.99
Cleaning and domestic material,Amazon EU,06/10/2014,56.11
Cleaning and domestic material,Amazon EU,02/10/2014,12.98
Cleaning and domestic material,Amazon EU,27/10/2014,113.56
Cleaning and domestic material,Amazon EU,24/10/2014,44.46
Cleaning and domestic material,Amazon EU,24/10/2014,45.98
Cleaning and domestic material,Amazon EU,03/10/2014,8.98
Cleaning and domestic material,Amazon EU,30/10/2014,5.27
Cleaning and domestic material,Amazon EU,30/10/2014,6.02
Cleaning and domestic material,Amazon EU,30/10/2014,2.18
Cleaning and domestic material,Amazon EU,07/10/2014,4.98
Cleaning and domestic material,Amazon EU,28/10/2014,9.62
Cleaning and domestic material,Amazon EU,13/10/2014,53.3
Cleaning and domestic material,Amazon EU,27/10/2014,8.2
Cleaning and domestic material,Amazon EU,24/10/2014,10.84
Cleaning and domestic material,Amazon EU,08/10/2014,23.52
Cleaning and domestic material,Amazon EU,21/10/2014,24.44
Cleaning and domestic material,Amazon EU,21/10/2014,5.71
Cleaning and domestic material,Amazon EU,22/10/2014,2.19
Cleaning and domestic material,Amazon EU,27/10/2014,10.77
Cleaning and domestic material,Amazon EU,22/10/2014,4.65
Cleaning and domestic material,Amazon EU,22/10/2014,20.52
Cleaning and domestic material,Amazon EU,23/10/2014,15.3
Cleaning and domestic material,Amazon EU,29/10/2014,7.94
Cleaning and domestic material,Amazon EU,29/10/2014,9.98
Cleaning and domestic material,Amazon EU,29/10/2014,1.7
Cleaning and domestic material,Amazon EU,28/10/2014,11.64
Cleaning and domestic material,Amazon EU,28/11/2014,21.48
Cleaning and domestic material,Amazon EU,24/11/2014,22.76
Cleaning and domestic material,Amazon EU,19/11/2014,10.55
Cleaning and domestic material,Amazon EU,24/11/2014,42.99
Cleaning and domestic material,Amazon EU,10/11/2014,4.22
Cleaning and domestic material,Amazon EU,26/11/2014,81.9
Cleaning and domestic material,Amazon EU,25/11/2014,17.98
Cleaning and domestic material,Amazon EU,28/11/2014,4.3
Cleaning and domestic material,Amazon EU,27/11/2014,4.21
Cleaning and domestic material,Amazon EU,01/12/2014,10.8
Cleaning and domestic material,Amazon EU,28/11/2014,5.1
Cleaning and domestic material,Amazon EU,28/11/2014,17.5
Cleaning and domestic material,Amazon EU,27/11/2014,3.01
Cleaning and domestic material,Amazon EU,24/11/2014,3.58
Cleaning and domestic material,Amazon EU,07/11/2014,2.12
Cleaning and domestic material,Amazon EU,24/11/2014,50
Cleaning and domestic material,Amazon EU,25/11/2014,51.02
Cleaning and domestic material,Amazon EU,01/12/2014,35.51
Cleaning and domestic material,Amazon EU,17/11/2014,8.14
Cleaning and domestic material,Amazon EU,14/11/2014,8.15
Cleaning and domestic material,Amazon EU,13/11/2014,83.2
Cleaning and domestic material,Amazon EU,12/11/2014,395.85
Cleaning and domestic material,Amazon EU,01/12/2014,33.95
Cleaning and domestic material,Amazon EU,25/11/2014,6.99
Cleaning and domestic material,Amazon EU,20/11/2014,6.99
Cleaning and domestic material,Amazon EU,12/11/2014,57.3
Cleaning and domestic material,Amazon EU,20/11/2014,19.5
Cleaning and domestic material,Amazon EU,20/11/2014,7.91
Cleaning and domestic material,Amazon EU,20/11/2014,25.98
Cleaning and domestic material,Amazon EU,21/11/2014,11.92
Cleaning and domestic material,Amazon EU,21/11/2014,2.49
Cleaning and domestic material,Amazon EU,20/11/2014,24
Cleaning and domestic material,Amazon EU,24/11/2014,199.98
Cleaning and domestic material,Amazon EU,20/11/2014,7.4
Cleaning and domestic material,Amazon EU,20/11/2014,3.53
Cleaning and domestic material,Amazon EU,20/11/2014,2.4
Cleaning and domestic material,Amazon EU,20/11/2014,4.95
Cleaning and domestic material,Amazon EU,20/11/2014,3.34
Cleaning and domestic material,Amazon EU,20/11/2014,2.19
Cleaning and domestic material,Amazon EU,21/11/2014,3.98
Cleaning and domestic material,Amazon EU,19/11/2014,9.98
Cleaning and domestic material,SAINSBURYS,19/11/2014,13.98
Cleaning and domestic material,SAINSBURYS,21/11/2014,20
Cleaning and domestic material,SAINSBURYS,21/11/2014,8.84
Cleaning and domestic material,SAINSBURYS,21/11/2014,221.33
Cleaning and domestic material,SAINSBURYS,24/11/2014,1.6
Cleaning and domestic material,SAINSBURYS,20/11/2014,7.9
Cleaning and domestic material,SAINSBURYS,20/11/2014,0.76
Cleaning and domestic material,SAINSBURYS,21/11/2014,1.99
Cleaning and domestic material,SAINSBURYS,24/11/2014,9.8
Cleaning and domestic material,SAINSBURYS,24/11/2014,2.51
Cleaning and domestic material,SAINSBURYS,26/11/2014,2.52
Cleaning and domestic material,SAINSBURYS,27/11/2014,5.98
Cleaning and domestic material,SAINSBURYS,08/12/2014,29.97
Cleaning and domestic material,SAINSBURYS,08/12/2014,10.99
Cleaning and domestic material,SAINSBURYS,09/12/2014,9.25
Cleaning and domestic material,SAINSBURYS,22/12/2014,28.38
Cleaning and domestic material,SAINSBURYS,04/12/2014,22.98
Cleaning and domestic material,SAINSBURYS,08/12/2014,7.6
Cleaning and domestic material,JS ONLINE GROCERY,22/12/2014,1.78
Cleaning and domestic material,JS ONLINE GROCERY,22/12/2014,6.49
Cleaning and domestic material,JS ONLINE GROCERY,22/12/2014,7
Cleaning and domestic material,JS ONLINE GROCERY,19/12/2014,4.38
Cleaning and domestic material,JS ONLINE GROCERY,15/12/2014,8.6
Cleaning and domestic material,JS ONLINE GROCERY,12/12/2014,3.7
Cleaning and domestic material,JS ONLINE GROCERY,05/12/2014,15.5
Cleaning and domestic material,JS ONLINE GROCERY,10/12/2014,20.4
Cleaning and domestic material,JS ONLINE GROCERY,04/12/2014,4.3
Cleaning and domestic material,JS ONLINE GROCERY,04/12/2014,17.22
Cleaning and domestic material,JS ONLINE GROCERY,04/12/2014,5.99
Cleaning and domestic material,JS ONLINE GROCERY,04/12/2014,13.97
Cleaning and domestic material,JS ONLINE GROCERY,22/12/2014,30.8
Cleaning and domestic material,JS ONLINE GROCERY,15/12/2014,34.81
Cleaning and domestic material,JS ONLINE GROCERY,04/12/2014,26.94
Cleaning and domestic material,ASDA SUPERSTORE,16/12/2014,59.8
Cleaning and domestic material,ASDA SUPERSTORE,16/12/2014,9.74
Cleaning and domestic material,ASDA SUPERSTORE,03/12/2014,15.98
Cleaning and domestic material,ASDA SUPERSTORE,04/12/2014,5.56
Cleaning and domestic material,ASDA SUPERSTORE,05/12/2014,34.4
Cleaning and domestic material,ASDA SUPERSTORE,14/01/2015,9.65
Cleaning and domestic material,ASDA SUPERSTORE,16/01/2015,16.99
Cleaning and domestic material,ASDA SUPERSTORE,15/01/2015,56.64
Cleaning and domestic material,ASDA SUPERSTORE,06/01/2015,6.76
Cleaning and domestic material,ASDA SUPERSTORE,16/01/2015,16.99
Cleaning and domestic material,ASDA SUPERSTORE,19/01/2015,32.63
Cleaning and domestic material,ASDA SUPERSTORE,19/01/2015,29.06
Cleaning and domestic material,ASDA SUPERSTORE,26/01/2015,13.99
Cleaning and domestic material,ASDA SUPERSTORE,06/01/2015,6.49
Cleaning and domestic material,ASDA SUPERSTORE,15/01/2015,77.88
Cleaning and domestic material,ASDA SUPERSTORE,26/01/2015,10.71
Cleaning and domestic material,ASDA SUPERSTORE,20/01/2015,35.8
Cleaning and domestic material,TESCO STORE,23/01/2015,39.9
Cleaning and domestic material,TESCO STORE,14/01/2015,12.81
Cleaning and domestic material,TESCO STORE,06/01/2015,14.99
Cleaning and domestic material,TESCO STORE,21/01/2015,45.8
Cleaning and domestic material,TESCO STORE,16/01/2015,132.44
Cleaning and domestic material,TESCO STORE,16/01/2015,46.73
Cleaning and domestic material,TESCO STORE,14/01/2015,47.43
Cleaning and domestic material,TESCO STORE,12/01/2015,18.67
Cleaning and domestic material,TESCO STORE,16/01/2015,11.7
Cleaning and domestic material,TESCO STORE,15/01/2015,19.96
Cleaning and domestic material,TESCO STORE,19/01/2015,18.2
Cleaning and domestic material,TESCO STORE,14/01/2015,23.98
Cleaning and domestic material,TESCO STORE,14/01/2015,42.02
Cleaning and domestic material,TESCO STORE,14/01/2015,7.62
Cleaning and domestic material,TESCO STORE,14/01/2015,45.2
Cleaning and domestic material,TESCO STORE,14/01/2015,24.94
Cleaning and domestic material,TESCO STORE,14/01/2015,13.98
Cleaning and domestic material,TESCO STORE,14/01/2015,39.56
Consumable Catering Supplies,TESCO STORE,12/01/2015,99.9
Equipment and Materials Purchase,Amazon EU,28/01/2015,7.36
Equipment and Materials Purchase,Amazon EU,29/01/2015,11.28
Equipment and Materials Purchase,Amazon EU,29/01/2015,25.98
Equipment and Materials Purchase,Amazon EU,02/02/2015,18.57
Equipment and Materials Purchase,Amazon EU,28/01/2015,103.38
Equipment and Materials Purchase,Amazon EU,29/01/2015,10.99
Equipment and Materials Purchase,Amazon EU,12/02/2015,16.86
Equipment and Materials Purchase,Amazon EU,04/02/2015,24.31
Equipment and Materials Purchase,Amazon EU,19/02/2015,1.99
Equipment and Materials Purchase,Amazon EU,24/02/2015,3.99
Equipment and Materials Purchase,Amazon EU,19/02/2015,38.49
Equipment and Materials Purchase,Amazon EU,09/02/2015,17.73
Equipment and Materials Purchase,Amazon EU,02/03/2015,76.99
Equipment and Materials Purchase,Amazon EU,10/02/2015,11.44
Equipment and Materials Purchase,Amazon EU,02/03/2015,119.99
Equipment and Materials Purchase,Amazon EU,13/02/2015,9.32
Equipment and Materials Purchase,Amazon EU,18/02/2015,25.97
Equipment and Materials Purchase,Amazon EU,03/02/2015,25.97
Equipment and Materials Purchase,Amazon EU,17/02/2015,25.97
Equipment and Materials Purchase,Amazon EU,12/02/2015,16.7
Equipment and Materials Purchase,Amazon EU,11/02/2015,-11.45
Equipment and Materials Purchase,Amazon EU,19/02/2015,7.14
Equipment and Materials Purchase,Amazon EU,20/02/2015,-7.14
Equipment and Materials Purchase,Amazon EU,09/02/2015,7.14
Equipment and Materials Purchase,Amazon EU,06/02/2015,125.43
Equipment and Materials Purchase,Amazon EU,11/02/2015,22.97
Equipment and Materials Purchase,Amazon EU,09/02/2015,47.6
Equipment and Materials Purchase,Amazon EU,09/02/2015,113.94
Equipment and Materials Purchase,Amazon EU,10/02/2015,22.2
Equipment and Materials Purchase,Amazon EU,02/03/2015,20.55
Equipment and Materials Purchase,Amazon EU,02/03/2015,14.12
Equipment and Materials Purchase,Amazon EU,17/02/2015,1.81
Equipment and Materials Purchase,Amazon EU,24/02/2015,8.02
Equipment and Materials Purchase,Amazon EU,24/02/2015,6.35
Equipment and Materials Purchase,Amazon EU,24/02/2015,7.94
Equipment and Materials Purchase,Amazon EU,24/02/2015,8.59
Equipment and Materials Purchase,Amazon EU,17/02/2015,13.46
Equipment and Materials Purchase,Amazon EU,17/02/2015,9.22
Equipment and Materials Purchase,Amazon EU,16/02/2015,1.58
Equipment and Materials Purchase,Amazon EU,02/03/2015,29.8
Equipment and Materials Purchase,Amazon EU,27/02/2015,50.94
Equipment and Materials Purchase,Amazon EU,13/02/2015,22.49
Equipment and Materials Purchase,Amazon EU,17/02/2015,1.59
Equipment and Materials Purchase,Amazon EU,26/02/2015,8.08
Equipment and Materials Purchase,Amazon EU,06/02/2015,13.73
Equipment and Materials Purchase,Amazon EU,06/02/2015,7.92
Equipment and Materials Purchase,Amazon EU,05/02/2015,1.6
Equipment and Materials Purchase,Amazon EU,05/02/2015,1.6
Equipment and Materials Purchase,Amazon EU,05/02/2015,36.91
Equipment and Materials Purchase,Amazon EU,05/02/2015,12.39
Equipment and Materials Purchase,Amazon EU,05/02/2015,6.99
Equipment and Materials Purchase,Amazon EU,04/02/2015,3.56
Equipment and Materials Purchase,Amazon EU,04/02/2015,12.5
Equipment and Materials Purchase,Amazon EU,04/02/2015,6.95
Equipment and Materials Purchase,Amazon EU,04/02/2015,13.9
Equipment and Materials Purchase,Amazon EU,20/02/2015,-1.81
Equipment and Materials Purchase,Amazon EU,19/02/2015,1.81
Equipment and Materials Purchase,Amazon EU,10/02/2015,75.43
Equipment and Materials Purchase,Amazon EU,10/02/2015,53.97
Equipment and Materials Purchase,Amazon EU,09/02/2015,13.75
Equipment and Materials Purchase,Amazon EU,09/02/2015,1.81
Equipment and Materials Purchase,Amazon EU,06/02/2015,19.7
Equipment and Materials Purchase,Amazon EU,09/02/2015,14.56
Equipment and Materials Purchase,Amazon EU,28/01/2015,19.9
Equipment and Materials Purchase,Amazon EU,20/02/2015,-5.49
Equipment and Materials Purchase,Amazon EU,19/02/2015,5.49
Equipment and Materials Purchase,Amazon EU,09/02/2015,5.49
Equipment and Materials Purchase,Amazon EU,26/02/2015,6.48
Equipment and Materials Purchase,Amazon EU,25/02/2015,10.73
Equipment and Materials Purchase,Amazon EU,09/02/2015,39.7
Equipment and Materials Purchase,Amazon EU,05/02/2015,34.94
Equipment and Materials Purchase,Amazon EU,04/02/2015,10.5
Equipment and Materials Purchase,Amazon EU,29/01/2015,5.68
Equipment and Materials Purchase,Amazon EU,28/01/2015,68.25
Equipment and Materials Purchase,Amazon EU,02/02/2015,312.48
Equipment and Materials Purchase,Amazon EU,09/02/2015,21.86
Equipment and Materials Purchase,Amazon EU,09/02/2015,172.72
Equipment and Materials Purchase,Amazon EU,09/02/2015,21.59
Equipment and Materials Purchase,Amazon EU,09/02/2015,65.59
Equipment and Materials Purchase,Amazon EU,09/02/2015,196.76
Equipment and Materials Purchase,Amazon EU,19/02/2015,12.3
Equipment and Materials Purchase,Amazon EU,02/03/2015,57.21
Equipment and Materials Purchase,Amazon EU,23/02/2015,33.29
Equipment and Materials Purchase,Amazon EU,09/02/2015,245.37
Equipment and Materials Purchase,Amazon EU,09/02/2015,19.99
Equipment and Materials Purchase,Amazon EU,16/02/2015,59.97
Equipment and Materials Purchase,Amazon EU,24/02/2015,21.53
Equipment and Materials Purchase,Amazon EU,16/02/2015,59.97
Equipment and Materials Purchase,SAINSBURYS,16/02/2015,37.41
Equipment and Materials Purchase,SAINSBURYS,24/02/2015,2.85
Equipment and Materials Purchase,SAINSBURYS,06/02/2015,28.43
Equipment and Materials Purchase,SAINSBURYS,13/02/2015,4.99
Equipment and Materials Purchase,SAINSBURYS,04/02/2015,47.54
Equipment and Materials Purchase,SAINSBURYS,06/02/2015,4.99
Equipment and Materials Purchase,SAINSBURYS,09/02/2015,15.19
Equipment and Materials Purchase,SAINSBURYS,04/02/2015,27.17
Equipment and Materials Purchase,SAINSBURYS,09/02/2015,11.78
Equipment and Materials Purchase,SAINSBURYS,11/02/2015,-94.5
Equipment and Materials Purchase,SAINSBURYS,06/02/2015,100.2
Equipment and Materials Purchase,SAINSBURYS,28/10/2014,22.47
Equipment and Materials Purchase,SAINSBURYS,03/11/2014,46.94
Equipment and Materials Purchase,SAINSBURYS,28/10/2014,-2
Equipment and Materials Purchase,SAINSBURYS,30/10/2014,15
Equipment and Materials Purchase,SAINSBURYS,28/10/2014,156.61
Equipment and Materials Purchase,SAINSBURYS,06/11/2014,95
Equipment and Materials Purchase,SAINSBURYS,25/11/2014,18.85
Equipment and Materials Purchase,SAINSBURYS,11/11/2014,11
Equipment and Materials Purchase,SAINSBURYS,18/11/2014,34.02
Equipment and Materials Purchase,SAINSBURYS,04/11/2014,155.12
Equipment and Materials Purchase,SAINSBURYS,04/11/2014,-2.96
Equipment and Materials Purchase,SAINSBURYS,25/11/2014,109.46
Equipment and Materials Purchase,SAINSBURYS,11/11/2014,180.39
Equipment and Materials Purchase,ASDA SUPERSTORE,18/11/2014,163.97
Equipment and Materials Purchase,ASDA SUPERSTORE,09/12/2014,6.1
Equipment and Materials Purchase,ASDA SUPERSTORE,22/12/2014,1
Equipment and Materials Purchase,ASDA SUPERSTORE,16/12/2014,10.7
Equipment and Materials Purchase,ASDA SUPERSTORE,02/12/2014,14.3
Equipment and Materials Purchase,ASDA SUPERSTORE,02/12/2014,152.63
Equipment and Materials Purchase,ASDA SUPERSTORE,08/12/2014,-2.5
Equipment and Materials Purchase,ASDA SUPERSTORE,22/12/2014,139.79
Equipment and Materials Purchase,ASDA SUPERSTORE,09/12/2014,169.63
Equipment and Materials Purchase,ASDA SUPERSTORE,16/12/2014,199.73
Equipment and Materials Purchase,ASDA SUPERSTORE,06/01/2015,20.2
Equipment and Materials Purchase,ASDA SUPERSTORE,02/02/2015,15
Equipment and Materials Purchase,ASDA SUPERSTORE,02/02/2015,92.18
Equipment and Materials Purchase,ASDA SUPERSTORE,13/01/2015,124.87
Equipment and Materials Purchase,ASDA SUPERSTORE,06/01/2015,177.42
Equipment and Materials Purchase,ASDA SUPERSTORE,12/01/2015,67.98
Equipment and Materials Purchase,ASDA SUPERSTORE,20/01/2015,156.85
Equipment and Materials Purchase,ASDA SUPERSTORE,26/01/2015,57.27
Equipment and Materials Purchase,ASDA SUPERSTORE,27/01/2015,133.09
Equipment and Materials Purchase,ASDA SUPERSTORE,19/01/2015,95.79
Equipment and Materials Purchase,ASDA SUPERSTORE,12/01/2015,2
Equipment and Materials Purchase,ASDA SUPERSTORE,13/01/2015,31.48
Equipment and Materials Purchase,ASDA SUPERSTORE,27/01/2015,31.73
Equipment and Materials Purchase,ASDA SUPERSTORE,26/01/2015,3.48
Equipment and Materials Purchase,ASDA SUPERSTORE,20/01/2015,4.3
Equipment and Materials Purchase,ASDA SUPERSTORE,19/01/2015,5.3
Equipment and Materials Purchase,ASDA SUPERSTORE,02/03/2015,86.11
Equipment and Materials Purchase,ASDA SUPERSTORE,16/02/2015,94.24
Equipment and Materials Purchase,ASDA SUPERSTORE,17/02/2015,205.75
Equipment and Materials Purchase,ASDA SUPERSTORE,03/02/2015,141.18
Equipment and Materials Purchase,ASDA SUPERSTORE,23/02/2015,63.91
Equipment and Materials Purchase,ASDA SUPERSTORE,24/02/2015,154.66
Equipment and Materials Purchase,ASDA SUPERSTORE,17/02/2015,10
Equipment and Materials Purchase,ASDA SUPERSTORE,02/03/2015,25.97
Equipment and Materials Purchase,ASDA SUPERSTORE,23/02/2015,10
Equipment and Materials Purchase,ASDA SUPERSTORE,16/02/2015,33.75
Equipment and Materials Purchase,ASDA SUPERSTORE,03/10/2014,13.78
Equipment and Materials Purchase,ASDA SUPERSTORE,26/12/2014,3
Equipment and Materials Purchase,ASDA SUPERSTORE,29/07/2014,6
Equipment and Materials Purchase,ASDA SUPERSTORE,22/07/2014,45.54
Equipment and Materials Purchase,ASDA SUPERSTORE,15/07/2014,13.96
Equipment and Materials Purchase,ASDA SUPERSTORE,21/07/2014,15
Equipment and Materials Purchase,ASDA SUPERSTORE,15/07/2014,199.22
Equipment and Materials Purchase,ASDA SUPERSTORE,22/07/2014,192.23
Equipment and Materials Purchase,ASDA SUPERSTORE,29/07/2014,176.23
Equipment and Materials Purchase,ASDA SUPERSTORE,12/08/2014,94.27
Equipment and Materials Purchase,ASDA SUPERSTORE,05/08/2014,18.92
Equipment and Materials Purchase,ASDA SUPERSTORE,27/08/2014,20.56
Equipment and Materials Purchase,ASDA SUPERSTORE,12/08/2014,12.6
Equipment and Materials Purchase,ASDA SUPERSTORE,12/08/2014,4.88
Equipment and Materials Purchase,ASDA SUPERSTORE,05/08/2014,141.62
Equipment and Materials Purchase,ASDA SUPERSTORE,12/08/2014,204.47
Equipment and Materials Purchase,ASDA SUPERSTORE,27/08/2014,110.57
Equipment and Materials Purchase,ASDA SUPERSTORE,04/09/2014,7.58
Equipment and Materials Purchase,ASDA SUPERSTORE,11/09/2014,11.54
Equipment and Materials Purchase,ASDA SUPERSTORE,17/09/2014,23.9
Equipment and Materials Purchase,ASDA SUPERSTORE,23/09/2014,3.74
Equipment and Materials Purchase,ASDA SUPERSTORE,30/09/2014,163.85
Equipment and Materials Purchase,ASDA SUPERSTORE,26/09/2014,112.77
Equipment and Materials Purchase,ASDA SUPERSTORE,23/09/2014,93.07
Equipment and Materials Purchase,ASDA SUPERSTORE,17/09/2014,-3.71
Equipment and Materials Purchase,ASDA SUPERSTORE,17/09/2014,173.03
Equipment and Materials Purchase,ASDA SUPERSTORE,11/09/2014,192.05
Equipment and Materials Purchase,ASDA SUPERSTORE,04/09/2014,155.81
Equipment and Materials Purchase,ASDA SUPERSTORE,07/10/2014,9.65
Equipment and Materials Purchase,ASDA SUPERSTORE,06/10/2014,2.9
Equipment and Materials Purchase,ASDA SUPERSTORE,21/10/2014,18.8
Equipment and Materials Purchase,ASDA SUPERSTORE,21/10/2014,163.97
Equipment and Materials Purchase,ASDA SUPERSTORE,21/10/2014,-2.3
Equipment and Materials Purchase,ASDA SUPERSTORE,06/10/2014,70.09
Equipment and Materials Purchase,ASDA SUPERSTORE,07/10/2014,185.77
Equipment and Materials Purchase,ASDA SUPERSTORE,14/10/2014,175.81
Equipment and Materials Purchase,ASDA SUPERSTORE,14/10/2014,-4.5
Equipment and Materials Purchase,ASDA SUPERSTORE,03/04/2014,32.86
Equipment and Materials Purchase,ASDA SUPERSTORE,01/05/2014,37.6
Equipment and Materials Purchase,ASDA SUPERSTORE,08/04/2014,10
Equipment and Materials Purchase,ASDA SUPERSTORE,10/04/2014,18
Equipment and Materials Purchase,ASDA SUPERSTORE,14/04/2014,16
Equipment and Materials Purchase,ASDA SUPERSTORE,10/04/2014,13
Equipment and Materials Purchase,ASDA SUPERSTORE,08/04/2014,274.09
Equipment and Materials Purchase,ASDA SUPERSTORE,07/04/2014,32.1
Equipment and Materials Purchase,ASDA SUPERSTORE,29/04/2014,8.19
Equipment and Materials Purchase,ASDA SUPERSTORE,25/04/2014,10
Equipment and Materials Purchase,ASDA SUPERSTORE,07/05/2014,15.46
Equipment and Materials Purchase,ASDA SUPERSTORE,21/05/2014,5
Equipment and Materials Purchase,ASDA SUPERSTORE,13/05/2014,7.58
Equipment and Materials Purchase,ASDA SUPERSTORE,15/05/2014,25
Equipment and Materials Purchase,ASDA SUPERSTORE,02/06/2014,20
Equipment and Materials Purchase,ASDA SUPERSTORE,22/05/2014,23.85
Equipment and Materials Purchase,ASDA SUPERSTORE,02/06/2014,83.4
Equipment and Materials Purchase,ASDA SUPERSTORE,22/05/2014,13.71
Equipment and Materials Purchase,ASDA SUPERSTORE,15/05/2014,15.29
Equipment and Materials Purchase,ASDA SUPERSTORE,13/05/2014,119.18
Equipment and Materials Purchase,ASDA SUPERSTORE,08/05/2014,2
Equipment and Materials Purchase,ASDA SUPERSTORE,08/05/2014,4
Equipment and Materials Purchase,ASDA SUPERSTORE,07/05/2014,2.48
Equipment and Materials Purchase,ASDA SUPERSTORE,13/06/2014,52.98
Equipment and Materials Purchase,ASDA SUPERSTORE,10/06/2014,30
Equipment and Materials Purchase,ASDA SUPERSTORE,12/06/2014,11.4
Equipment and Materials Purchase,ASDA SUPERSTORE,17/06/2014,28.22
Equipment and Materials Purchase,ASDA SUPERSTORE,26/06/2014,20
Equipment and Materials Purchase,ASDA SUPERSTORE,19/06/2014,19.27
Equipment and Materials Purchase,ASDA SUPERSTORE,06/06/2014,47.5
Equipment and Materials Purchase,ASDA SUPERSTORE,10/06/2014,3.96
Equipment and Materials Purchase,ASDA SUPERSTORE,17/06/2014,69.38
Equipment and Materials Purchase,ASDA SUPERSTORE,26/06/2014,38.66
Equipment and Materials Purchase,ASDA SUPERSTORE,19/06/2014,8
Equipment and Materials Purchase,ASDA SUPERSTORE,19/06/2014,53.12
Equipment and Materials Purchase,ASDA SUPERSTORE,12/06/2014,79.98
Equipment and Materials Purchase,ASDA SUPERSTORE,10/06/2014,94.72
Equipment and Materials Purchase,ASDA SUPERSTORE,06/06/2014,31.47
Equipment and Materials Purchase,ASDA SUPERSTORE,11/06/2014,48.96
Equipment and Materials Purchase,ASDA SUPERSTORE,16/06/2014,20
Equipment and Materials Purchase,ASDA SUPERSTORE,23/06/2014,2
Equipment and Materials Purchase,ASDA SUPERSTORE,16/06/2014,53.18
Equipment and Materials Purchase,ASDA SUPERSTORE,23/06/2014,73.2
Equipment and Materials Purchase,ASDA SUPERSTORE,23/06/2014,0.55
Equipment and Materials Purchase,ASDA SUPERSTORE,18/06/2014,21.74
Equipment and Materials Purchase,ASDA SUPERSTORE,16/07/2014,4
Equipment and Materials Purchase,ASDA SUPERSTORE,03/07/2014,10
Equipment and Materials Purchase,ASDA SUPERSTORE,08/07/2014,5
Equipment and Materials Purchase,ASDA SUPERSTORE,01/08/2014,12.5
Equipment and Materials Purchase,ASDA SUPERSTORE,08/07/2014,10.5
Equipment and Materials Purchase,ASDA SUPERSTORE,25/07/2014,26.47
Equipment and Materials Purchase,ASDA SUPERSTORE,03/07/2014,31.35
Equipment and Materials Purchase,ASDA SUPERSTORE,04/07/2014,14.73
Equipment and Materials Purchase,ASDA SUPERSTORE,24/07/2014,34.85
Equipment and Materials Purchase,ASDA SUPERSTORE,17/07/2014,40.75
Equipment and Materials Purchase,ASDA SUPERSTORE,08/07/2014,104.97
Equipment and Materials Purchase,JS ONLINE GROCERY,09/04/2014,72.88
Equipment and Materials Purchase,JS ONLINE GROCERY,23/04/2014,30
Equipment and Materials Purchase,JS ONLINE GROCERY,29/04/2014,30
Equipment and Materials Purchase,JS ONLINE GROCERY,22/04/2014,21.8
Equipment and Materials Purchase,JS ONLINE GROCERY,22/04/2014,156.82
Equipment and Materials Purchase,JS ONLINE GROCERY,03/04/2014,127.38
Equipment and Materials Purchase,JS ONLINE GROCERY,15/04/2014,112.69
Equipment and Materials Purchase,JS ONLINE GROCERY,08/04/2014,217.8
Equipment and Materials Purchase,JS ONLINE GROCERY,23/04/2014,131.71
Equipment and Materials Purchase,JS ONLINE GROCERY,23/04/2014,-1.95
Equipment and Materials Purchase,JS ONLINE GROCERY,29/04/2014,174.63
Equipment and Materials Purchase,JS ONLINE GROCERY,23/04/2014,77.57
Equipment and Materials Purchase,JS ONLINE GROCERY,29/04/2014,243.97
Equipment and Materials Purchase,JS ONLINE GROCERY,28/05/2014,51.11
Equipment and Materials Purchase,JS ONLINE GROCERY,20/05/2014,30
Equipment and Materials Purchase,JS ONLINE GROCERY,07/05/2014,30
Equipment and Materials Purchase,JS ONLINE GROCERY,13/05/2014,30
Equipment and Materials Purchase,JS ONLINE GROCERY,29/05/2014,16.6
Equipment and Materials Purchase,JS ONLINE GROCERY,09/05/2014,22.6
Equipment and Materials Purchase,JS ONLINE GROCERY,09/05/2014,276.02
Equipment and Materials Purchase,JS ONLINE GROCERY,29/05/2014,179.45
Equipment and Materials Purchase,JS ONLINE GROCERY,28/05/2014,223.99
Equipment and Materials Purchase,JS ONLINE GROCERY,07/05/2014,149
Equipment and Materials Purchase,JS ONLINE GROCERY,13/05/2014,174.55
Equipment and Materials Purchase,JS ONLINE GROCERY,20/05/2014,-1.59
Equipment and Materials Purchase,JS ONLINE GROCERY,20/05/2014,250.74
Equipment and Materials Purchase,JS ONLINE GROCERY,07/05/2014,168.5
Equipment and Materials Purchase,JS ONLINE GROCERY,14/05/2014,171.68
Equipment and Materials Purchase,JS ONLINE GROCERY,13/05/2014,183.44
Equipment and Materials Purchase,JS ONLINE GROCERY,20/05/2014,173.18
Equipment and Materials Purchase,JS ONLINE GROCERY,03/06/2014,30
Equipment and Materials Purchase,JS ONLINE GROCERY,10/06/2014,30
Equipment and Materials Purchase,JS ONLINE GROCERY,17/06/2014,30
Equipment and Materials Purchase,JS ONLINE GROCERY,24/06/2014,30
Equipment and Materials Purchase,JS ONLINE GROCERY,01/07/2014,30
Equipment and Materials Purchase,JS ONLINE GROCERY,04/06/2014,8
Equipment and Materials Purchase,JS ONLINE GROCERY,09/06/2014,11
Equipment and Materials Purchase,JS ONLINE GROCERY,04/06/2014,109.43
Equipment and Materials Purchase,JS ONLINE GROCERY,16/06/2014,141.81
Equipment and Materials Purchase,JS ONLINE GROCERY,09/06/2014,162
Equipment and Materials Purchase,JS ONLINE GROCERY,01/07/2014,221.54
Equipment and Materials Purchase,JS ONLINE GROCERY,03/06/2014,107.85
Equipment and Materials Purchase,JS ONLINE GROCERY,17/06/2014,198.67
Equipment and Materials Purchase,JS ONLINE GROCERY,10/06/2014,123.35
Equipment and Materials Purchase,JS ONLINE GROCERY,24/06/2014,184.06
Equipment and Materials Purchase,JS ONLINE GROCERY,24/06/2014,297.47
Equipment and Materials Purchase,JS ONLINE GROCERY,03/06/2014,240.21
Equipment and Materials Purchase,JS ONLINE GROCERY,10/06/2014,253.87
Equipment and Materials Purchase,JS ONLINE GROCERY,10/06/2014,-5.6
Equipment and Materials Purchase,JS ONLINE GROCERY,17/06/2014,312.74
Equipment and Materials Purchase,JS ONLINE GROCERY,01/07/2014,198.39
Equipment and Materials Purchase,JS ONLINE GROCERY,08/07/2014,30
Equipment and Materials Purchase,JS ONLINE GROCERY,15/07/2014,30
Equipment and Materials Purchase,JS ONLINE GROCERY,22/07/2014,20
Equipment and Materials Purchase,JS ONLINE GROCERY,29/07/2014,97.77
Equipment and Materials Purchase,JS ONLINE GROCERY,08/07/2014,140.81
Equipment and Materials Purchase,JS ONLINE GROCERY,15/07/2014,227.19
Equipment and Materials Purchase,JS ONLINE GROCERY,29/07/2014,134.5
Equipment and Materials Purchase,JS ONLINE GROCERY,22/07/2014,171.02
Equipment and Materials Purchase,JS ONLINE GROCERY,15/07/2014,-1.25
Equipment and Materials Purchase,JS ONLINE GROCERY,08/07/2014,261.02
Equipment and Materials Purchase,JS ONLINE GROCERY,15/07/2014,148.72
Equipment and Materials Purchase,JS ONLINE GROCERY,22/07/2014,53.49
Equipment and Materials Purchase,JS ONLINE GROCERY,05/08/2014,76.22
Equipment and Materials Purchase,JS ONLINE GROCERY,05/08/2014,-8
Equipment and Materials Purchase,JS ONLINE GROCERY,12/08/2014,108.95
Equipment and Materials Purchase,JS ONLINE GROCERY,13/08/2014,13.75
Equipment and Materials Purchase,JS ONLINE GROCERY,01/09/2014,30.5
Equipment and Materials Purchase,JS ONLINE GROCERY,18/08/2014,82.64
Equipment and Materials Purchase,JS ONLINE GROCERY,01/09/2014,126.23
Equipment and Materials Purchase,JS ONLINE GROCERY,13/08/2014,103.1
Equipment and Materials Purchase,JS ONLINE GROCERY,19/08/2014,69.78
Equipment and Materials Purchase,JS ONLINE GROCERY,12/08/2014,136.05
Equipment and Materials Purchase,JS ONLINE GROCERY,05/08/2014,158.79
Equipment and Materials Purchase,JS ONLINE GROCERY,09/09/2014,311.17
Food Costs,JS ONLINE GROCERY,23/09/2014,215.62
Food Costs,JS ONLINE GROCERY,30/09/2014,300.98
Food Costs,JS ONLINE GROCERY,30/09/2014,-1.6
Food Costs,JS ONLINE GROCERY,16/09/2014,222.62
Food Costs,JS ONLINE GROCERY,17/09/2014,26.8
Food Costs,JS ONLINE GROCERY,17/09/2014,154.84
Food Costs,JS ONLINE GROCERY,02/09/2014,225.95
Food Costs,JS ONLINE GROCERY,09/09/2014,179.97
Food Costs,JS ONLINE GROCERY,16/09/2014,164.61
Food Costs,JS ONLINE GROCERY,30/09/2014,154.49
Food Costs,JS ONLINE GROCERY,23/09/2014,195.11
Food Costs,JS ONLINE GROCERY,21/10/2014,33.91
Food Costs,JS ONLINE GROCERY,16/10/2014,51.14
Food Costs,JS ONLINE GROCERY,14/10/2014,220.64
Food Costs,JS ONLINE GROCERY,21/10/2014,-8
Food Costs,JS ONLINE GROCERY,07/10/2014,-32.1
Food Costs,JS ONLINE GROCERY,07/10/2014,259.83
Food Costs,JS ONLINE GROCERY,21/10/2014,191.96
Food Costs,JS ONLINE GROCERY,07/10/2014,145.96
Food Costs,JS ONLINE GROCERY,21/10/2014,174.52
Food Costs,JS ONLINE GROCERY,28/10/2014,155.49
Food Costs,JS ONLINE GROCERY,14/10/2014,159.27
Food Costs,JS ONLINE GROCERY,21/10/2014,-1.35
Food Costs,JS ONLINE GROCERY,11/11/2014,-1.65
Food Costs,JS ONLINE GROCERY,25/11/2014,381.97
Food Costs,JS ONLINE GROCERY,25/11/2014,-6.8
Food Costs,JS ONLINE GROCERY,18/11/2014,418.65
Food Costs,JS ONLINE GROCERY,18/11/2014,-35.9
Food Costs,JS ONLINE GROCERY,11/11/2014,280.42
Food Costs,JS ONLINE GROCERY,04/11/2014,223.61
Food Costs,JS ONLINE GROCERY,07/11/2014,31.9
Food Costs,JS ONLINE GROCERY,07/11/2014,220.91
Food Costs,JS ONLINE GROCERY,11/11/2014,250.48
Food Costs,JS ONLINE GROCERY,25/11/2014,168.06
Food Costs,JS ONLINE GROCERY,04/11/2014,141.84
Food Costs,JS ONLINE GROCERY,18/11/2014,252.99
Food Costs,JS ONLINE GROCERY,19/11/2014,-1.6
Food Costs,JS ONLINE GROCERY,02/12/2014,335.72
Food Costs,JS ONLINE GROCERY,16/12/2014,-2
Food Costs,JS ONLINE GROCERY,16/12/2014,296.58
Food Costs,JS ONLINE GROCERY,09/12/2014,-6.25
Food Costs,JS ONLINE GROCERY,09/12/2014,253.97
Food Costs,JS ONLINE GROCERY,02/12/2014,-26.55
Food Costs,JS ONLINE GROCERY,24/12/2014,16.7
Food Costs,JS ONLINE GROCERY,24/12/2014,268.75
Food Costs,JS ONLINE GROCERY,02/12/2014,170.16
Food Costs,JS ONLINE GROCERY,09/12/2014,200.89
Food Costs,JS ONLINE GROCERY,16/12/2014,198.19
Food Costs,JS ONLINE GROCERY,13/01/2015,-1.35
Food Costs,JS ONLINE GROCERY,20/01/2015,180.89
Food Costs,JS ONLINE GROCERY,27/01/2015,300.08
Food Costs,ASDA SUPERSTORE,06/01/2015,210.23
Food Costs,ASDA SUPERSTORE,13/01/2015,258.99
Food Costs,ASDA SUPERSTORE,06/01/2015,126.92
Food Costs,ASDA SUPERSTORE,13/01/2015,117.69
Food Costs,ASDA SUPERSTORE,27/01/2015,157.8
Food Costs,ASDA SUPERSTORE,20/01/2015,131.46
Food Costs,ASDA SUPERSTORE,17/02/2015,49.62
Food Costs,ASDA SUPERSTORE,10/02/2015,235.85
Food Costs,ASDA SUPERSTORE,03/02/2015,282.15
Food Costs,ASDA SUPERSTORE,24/02/2015,225.11
Food Costs,ASDA SUPERSTORE,24/02/2015,159.34
Food Costs,ASDA SUPERSTORE,17/02/2015,71.2
Food Costs,ASDA SUPERSTORE,17/02/2015,-1
Food Costs,ASDA SUPERSTORE,10/02/2015,215.32
Food Costs,ASDA SUPERSTORE,03/02/2015,280.85
Food Costs,ASDA SUPERSTORE,08/04/2014,25.88
Food Costs,ASDA SUPERSTORE,14/04/2014,11.6
Food Costs,ASDA SUPERSTORE,07/04/2014,23.35
Food Costs,ASDA SUPERSTORE,10/04/2014,23.73
Food Costs,ASDA SUPERSTORE,14/04/2014,134.97
Food Costs,ASDA SUPERSTORE,07/04/2014,149.65
Food Costs,ASDA SUPERSTORE,08/04/2014,156.25
Food Costs,ASDA SUPERSTORE,08/04/2014,8.76
Food Costs,ASDA SUPERSTORE,03/04/2014,115.15
Food Costs,ASDA SUPERSTORE,07/05/2014,10
Food Costs,ASDA SUPERSTORE,21/10/2014,-1.2
Food Costs,ASDA SUPERSTORE,29/04/2014,18.3
Food Costs,ASDA SUPERSTORE,28/04/2014,25.44
Food Costs,ASDA SUPERSTORE,16/04/2014,32.05
Food Costs,ASDA SUPERSTORE,29/04/2014,35
Food Costs,ASDA SUPERSTORE,18/04/2014,20.1
Food Costs,ASDA SUPERSTORE,28/04/2014,136.44
Food Costs,ASDA SUPERSTORE,25/04/2014,30.02
Food Costs,ASDA SUPERSTORE,16/04/2014,134.45
Food Costs,ASDA SUPERSTORE,29/04/2014,118.45
Food Costs,ASDA SUPERSTORE,18/04/2014,160.39
Food Costs,ASDA SUPERSTORE,28/04/2014,66.07
Food Costs,SAINSBURYS,29/04/2014,48.09
Food Costs,SAINSBURYS,23/05/2014,19.95
Food Costs,SAINSBURYS,19/05/2014,12
Food Costs,SAINSBURYS,23/05/2014,10.25
Food Costs,SAINSBURYS,19/05/2014,43.69
Food Costs,SAINSBURYS,26/05/2014,37.7
Food Costs,SAINSBURYS,05/05/2014,24.43
Food Costs,SAINSBURYS,26/05/2014,144.6
Food Costs,SAINSBURYS,05/05/2014,158.83
Food Costs,SAINSBURYS,19/05/2014,161.89
Food Costs,SAINSBURYS,21/05/2014,146.6
Food Costs,SAINSBURYS,14/05/2014,51.9
Food Costs,SAINSBURYS,12/05/2014,59.54
Food Costs,SAINSBURYS,05/05/2014,73.34
Food Costs,SAINSBURYS,01/07/2014,12.75
Food Costs,SAINSBURYS,30/06/2014,33.98
Food Costs,SAINSBURYS,24/06/2014,26.85
Food Costs,SAINSBURYS,23/06/2014,37
Food Costs,SAINSBURYS,03/06/2014,3
Food Costs,SAINSBURYS,01/07/2014,116.36
Food Costs,SAINSBURYS,27/06/2014,5.25
Food Costs,SAINSBURYS,30/06/2014,148.71
Food Costs,SAINSBURYS,24/06/2014,142.78
Food Costs,SAINSBURYS,03/06/2014,34.15
Food Costs,SAINSBURYS,16/06/2014,8.95
Food Costs,SAINSBURYS,23/06/2014,157.67
Food Costs,SAINSBURYS,11/06/2014,69.99
Food Costs,SAINSBURYS,01/07/2014,10
Food Costs,SAINSBURYS,09/06/2014,49.88
Food Costs,SAINSBURYS,29/07/2014,20.5
Food Costs,SAINSBURYS,22/07/2014,18.5
Food Costs,SAINSBURYS,21/07/2014,40.32
Food Costs,SAINSBURYS,28/07/2014,48.86
Food Costs,SAINSBURYS,07/07/2014,24.25
Food Costs,SAINSBURYS,14/07/2014,22.9
Food Costs,SAINSBURYS,15/07/2014,24.2
Food Costs,SAINSBURYS,15/07/2014,142.89
Food Costs,SAINSBURYS,21/07/2014,141.65
Food Costs,SAINSBURYS,14/07/2014,154.79
Food Costs,SAINSBURYS,18/07/2014,42.13
Food Costs,SAINSBURYS,28/07/2014,194.27
Food Costs,SAINSBURYS,29/07/2014,143.56
Food Costs,SAINSBURYS,22/07/2014,138.05
Food Costs,SAINSBURYS,07/07/2014,175.56
Food Costs,SAINSBURYS,14/07/2014,48.89
Food Costs,SAINSBURYS,14/07/2014,4
Food Costs,SAINSBURYS,14/07/2014,0.55
Food Costs,SAINSBURYS,01/08/2014,28.7
Food Costs,SAINSBURYS,04/07/2014,28.47
Food Costs,SAINSBURYS,23/07/2014,20.55
Food Costs,SAINSBURYS,01/09/2014,125.11
Food Costs,SAINSBURYS,14/08/2014,27.5
Food Costs,SAINSBURYS,08/08/2014,32.7
Food Costs,SAINSBURYS,05/08/2014,52.15
Food Costs,SAINSBURYS,04/08/2014,34.1
Food Costs,SAINSBURYS,19/08/2014,11
Food Costs,SAINSBURYS,25/08/2014,40.5
Food Costs,SAINSBURYS,19/08/2014,141.07
Food Costs,SAINSBURYS,05/08/2014,155.02
Food Costs,SAINSBURYS,04/08/2014,108.55
Food Costs,SAINSBURYS,14/08/2014,121.39
Food Costs,SAINSBURYS,08/08/2014,146.36
Food Costs,SAINSBURYS,25/08/2014,145.17
Food Costs,SAINSBURYS,18/08/2014,50.1
Food Costs,SAINSBURYS,21/08/2014,26.1
Food Costs,SAINSBURYS,08/08/2014,78.7
Food Costs,SAINSBURYS,14/08/2014,46.53
Food Costs,SAINSBURYS,05/08/2014,7.81
Food Costs,SAINSBURYS,30/09/2014,22
Food Costs,SAINSBURYS,29/09/2014,18.9
Food Costs,SAINSBURYS,23/09/2014,33.8
Food Costs,SAINSBURYS,22/09/2014,35.93
Food Costs,SAINSBURYS,15/09/2014,28.5
Food Costs,SAINSBURYS,09/09/2014,27.5
Food Costs,SAINSBURYS,03/09/2014,30.6
Food Costs,SAINSBURYS,03/09/2014,168.02
Food Costs,SAINSBURYS,08/09/2014,188.53
Food Costs,SAINSBURYS,01/10/2014,36.12
Food Costs,SAINSBURYS,09/09/2014,99.34
Food Costs,SAINSBURYS,15/09/2014,176.65
Food Costs,SAINSBURYS,19/09/2014,65.78
Food Costs,SAINSBURYS,22/09/2014,180.91
Food Costs,SAINSBURYS,23/09/2014,141.92
Food Costs,SAINSBURYS,29/09/2014,163.89
Food Costs,SAINSBURYS,30/09/2014,109.92
Food Costs,SAINSBURYS,22/09/2014,7.18
Food Costs,SAINSBURYS,22/09/2014,40.18
Food Costs,SAINSBURYS,22/09/2014,0.55
Food Costs,SAINSBURYS,13/10/2014,71.28
Food Costs,SAINSBURYS,07/10/2014,12.8
Food Costs,SAINSBURYS,28/10/2014,7.25
Food Costs,SAINSBURYS,15/10/2014,39.65
Food Costs,SAINSBURYS,03/11/2014,41.3
Food Costs,SAINSBURYS,27/10/2014,41
Food Costs,SAINSBURYS,21/10/2014,30.15
Food Costs,SAINSBURYS,20/10/2014,29.25
Food Costs,SAINSBURYS,06/10/2014,34.3
Food Costs,SAINSBURYS,28/10/2014,137.93
Food Costs,SAINSBURYS,29/10/2014,13.96
Food Costs,SAINSBURYS,03/11/2014,145.21
Food Costs,SAINSBURYS,06/10/2014,172.94
Food Costs,SAINSBURYS,15/10/2014,154.48
Food Costs,SAINSBURYS,20/10/2014,157.94
Food Costs,SAINSBURYS,27/10/2014,184.25
Food Costs,SAINSBURYS,21/10/2014,120.68
Food Costs,SAINSBURYS,21/10/2014,2.49
Food Costs,SAINSBURYS,13/10/2014,182.78
Food Costs,SAINSBURYS,07/10/2014,145.26
Food Costs,SAINSBURYS,07/10/2014,6.36
Food Costs,SAINSBURYS,20/10/2014,12
Food Costs,SAINSBURYS,23/10/2014,40.3
Food Costs,SAINSBURYS,16/10/2014,16.6
Food Costs,SAINSBURYS,10/10/2014,21.05
Food Costs,SAINSBURYS,20/10/2014,54.5
Food Costs,SAINSBURYS,13/10/2014,54.57
Food Costs,SAINSBURYS,20/10/2014,0.55
Food Costs,SAINSBURYS,13/10/2014,0.55
Food Costs,SAINSBURYS,07/11/2014,6.5
Food Costs,SAINSBURYS,25/11/2014,35.65
Food Costs,SAINSBURYS,11/11/2014,12.5
Food Costs,SAINSBURYS,24/11/2014,11
Food Costs,SAINSBURYS,19/11/2014,28
Food Costs,SAINSBURYS,14/11/2014,25.2
Food Costs,SAINSBURYS,01/12/2014,41.81
Food Costs,SAINSBURYS,01/12/2014,155.04
Food Costs,SAINSBURYS,25/11/2014,129.73
Food Costs,SAINSBURYS,14/11/2014,145.64
Food Costs,SAINSBURYS,11/11/2014,145.71
Food Costs,SAINSBURYS,21/11/2014,25.65
Food Costs,SAINSBURYS,19/11/2014,152.92
Food Costs,SAINSBURYS,24/11/2014,153.67
Food Costs,SAINSBURYS,12/11/2014,36.23
Food Costs,SAINSBURYS,21/11/2014,1.5
Food Costs,SAINSBURYS,24/11/2014,1.6
Food Costs,SAINSBURYS,05/11/2014,18.4
Food Costs,SAINSBURYS,22/12/2014,13.3
Food Costs,SAINSBURYS,09/12/2014,32.95
Food Costs,SAINSBURYS,08/12/2014,36.65
Food Costs,SAINSBURYS,02/12/2014,24.55
Food Costs,SAINSBURYS,15/12/2014,37.25
Food Costs,SAINSBURYS,22/12/2014,32.75
Food Costs,SAINSBURYS,16/12/2014,15.75
Food Costs,SAINSBURYS,12/12/2014,52.29
Food Costs,SAINSBURYS,15/12/2014,148.3
Food Costs,SAINSBURYS,02/12/2014,138.74
Food Costs,SAINSBURYS,23/12/2014,157.07
Food Costs,SAINSBURYS,22/12/2014,166.32
Food Costs,SAINSBURYS,16/12/2014,126.38
Food Costs,SAINSBURYS,10/12/2014,20.85
Food Costs,SAINSBURYS,05/12/2014,68.15
Food Costs,SAINSBURYS,08/12/2014,133.23
Food Costs,SAINSBURYS,09/12/2014,158.62
Food Costs,SAINSBURYS,02/12/2014,31.3
Food Costs,SAINSBURYS,24/12/2014,4
Food Costs,SAINSBURYS,08/12/2014,5
Food Costs,SAINSBURYS,24/12/2014,13.32
Food Costs,SAINSBURYS,30/12/2014,12
Food Costs,SAINSBURYS,24/12/2014,43.51
Food Costs,SAINSBURYS,30/12/2014,200.49
Food Costs,SAINSBURYS,08/12/2014,69.58
Food Costs,SAINSBURYS,08/12/2014,0.55
Food Costs,SAINSBURYS,12/12/2014,18.9
Food Costs,SAINSBURYS,14/01/2015,24.6
Food Costs,SAINSBURYS,27/01/2015,29.3
Food Costs,SAINSBURYS,02/02/2015,50.5
Food Costs,SAINSBURYS,06/01/2015,58.2
Food Costs,SAINSBURYS,26/01/2015,33.2
Food Costs,SAINSBURYS,12/01/2015,40.15
Food Costs,SAINSBURYS,19/01/2015,32.7
Food Costs,SAINSBURYS,20/01/2015,49.99
Food Costs,SAINSBURYS,09/01/2015,13.39
Food Costs,TESCO STORE,18/12/2014,24.02
Food Costs,TESCO STORE,06/01/2015,7.45
Food Costs,TESCO STORE,11/02/2015,35.96
Food Costs,TESCO STORE,24/10/2014,60.57
Food Costs,TESCO STORE,19/01/2015,12.5
Food Costs,TESCO STORE,23/02/2015,7.6
Food Costs,TESCO STORE,11/04/2014,24.87
Food Costs,TESCO STORE,04/04/2014,62.15
Food Costs,TESCO STORE,22/04/2014,17
Food Costs,TESCO STORE,08/04/2014,55.47
Food Costs,TESCO STORE,08/04/2014,110
Food Costs,TESCO STORE,08/04/2014,44.78
Food Costs,TESCO STORE,08/04/2014,29.5
Food Costs,TESCO STORE,27/05/2014,39.96
Food Costs,TESCO STORE,26/05/2014,22.4
Food Costs,TESCO STORE,28/05/2014,5
Food Costs,TESCO STORE,28/05/2014,29.62
Food Costs,TESCO STORE,28/05/2014,10.88
Food Costs,TESCO STORE,30/05/2014,23
Food Costs,TESCO STORE,13/06/2014,2.85
Food Costs,TESCO STORE,20/06/2014,42.42
Food Costs,TESCO STORE,16/06/2014,11.98
Food Costs,TESCO STORE,19/06/2014,61.12
Food Costs,TESCO STORE,05/06/2014,79.29
Food Costs,TESCO STORE,01/08/2014,5
Food Costs,TESCO STORE,11/07/2014,31.14
Food Costs,TESCO STORE,01/08/2014,29.26
Food Costs,TESCO STORE,01/08/2014,26.38
Food Costs,TESCO STORE,01/08/2014,45.1
Food Costs,TESCO STORE,25/07/2014,3.25
Food Costs,TESCO STORE,02/07/2014,169.32
Food Costs,TESCO STORE,18/07/2014,68
Food Costs,TESCO STORE,18/07/2014,4
Food Costs,TESCO STORE,15/07/2014,52.34
Food Costs,TESCO STORE,29/08/2014,95.79
Food Costs,TESCO STORE,21/08/2014,29.04
Food Costs,TESCO STORE,29/08/2014,33.75
Food Costs,TESCO STORE,19/08/2014,27
Food Costs,TESCO STORE,29/08/2014,127.55
Food Costs,TESCO STORE,11/08/2014,19.5
Food Costs,TESCO STORE,07/08/2014,104.1
Food Costs,TESCO STORE,08/08/2014,64.5
Food Costs,TESCO STORE,21/08/2014,26.87
Food Costs,TESCO STORE,02/09/2014,68.96
Food Costs,TESCO STORE,08/09/2014,9.22
Food Costs,TESCO STORE,12/09/2014,62.5
Food Costs,TESCO STORE,12/09/2014,39.57
Food Costs,TESCO STORE,21/10/2014,8
Food Costs,TESCO STORE,24/10/2014,22.04
Food Costs,TESCO STORE,27/10/2014,3.2
Food Costs,TESCO STORE,31/10/2014,32.81
Food Costs,TESCO STORE,31/10/2014,28
Food Costs,TESCO STORE,15/10/2014,49.23
Food Costs,TESCO STORE,06/11/2014,27.26
Food Costs,TESCO STORE,21/01/2015,14.99
Food Costs,TESCO STORE,26/01/2015,29.33
Food Costs,TESCO STORE,23/01/2015,33.81
Food Costs,TESCO STORE,02/02/2015,9.45
Food Costs,TESCO STORE,19/01/2015,10.44
Food Costs,TESCO STORE,06/02/2015,4.4
Food Costs,TESCO STORE,24/02/2015,12.99
Food Costs,TESCO STORE,06/02/2015,5.44
Food Costs,TESCO STORE,30/04/2014,13
Food Costs,TESCO STORE,26/01/2015,3
Food Costs,TESCO STORE,26/12/2014,400
Food Costs,TESCO STORE,19/01/2015,14.5
Food Costs,TESCO STORE,21/07/2014,17.16
Food Costs,TESCO STORE,24/09/2014,54.5
Food Costs,TESCO STORE,22/09/2014,9.59
Food Costs,TESCO STORE,29/09/2014,4.58
Food Costs,TESCO STORE,03/10/2014,21.73
Food Costs,TESCO STORE,24/11/2014,32
Food Costs,TESCO STORE,17/11/2014,8
Food Costs,TESCO STORE,10/11/2014,18.88
Food Costs,TESCO STORE,07/05/2014,5.76
Food Costs,TESCO STORE,24/12/2014,250
Food Costs,TESCO STORE,09/02/2015,37.8
Food Costs,TESCO STORE,30/05/2014,6.5
Food Costs,TESCO STORE,02/05/2014,10
Food Costs,TESCO STORE,17/07/2014,10.4
Food Costs,TESCO STORE,23/04/2014,19
Food Costs,TESCO STORE,21/05/2014,10
Food Costs,TESCO STORE,29/08/2014,12.1
Food Costs,TESCO STORE,25/08/2014,17
Food Costs,TESCO STORE,23/09/2014,24
Food Costs,TESCO STORE,08/09/2014,41.07
Food Costs,TESCO STORE,15/09/2014,13
Food Costs,TESCO STORE,12/09/2014,55
Food Costs,TESCO STORE,26/09/2014,68
Food Costs,TESCO STORE,19/09/2014,44.5
Food Costs,TESCO STORE,19/09/2014,21.35
Food Costs,TESCO STORE,27/10/2014,30
Food Costs,TESCO STORE,21/11/2014,34.5
Food Costs,TESCO STORE,07/11/2014,6
Food Costs,TESCO STORE,16/12/2014,49.5
Food Costs,TESCO STORE,19/12/2014,20
Food Costs,TESCO STORE,26/01/2015,22.5
Food Costs,TESCO STORE,10/02/2015,50
Food Costs,TESCO STORE,29/04/2014,-4
Food Costs,TESCO STORE,17/06/2014,-3.99
Food Costs,TESCO STORE,23/09/2014,-4
Food Costs,TESCO STORE,25/07/2014,7.35
Food Costs,TESCO STORE,25/07/2014,39.2
Food Costs,TESCO STORE,14/04/2014,45
Food Costs,TESCO STORE,21/04/2014,8.48
Food Costs,TESCO STORE,08/04/2014,1.98
Food Costs,TESCO STORE,12/05/2014,14.5
Food Costs,TESCO STORE,22/05/2014,12.25
Food Costs,TESCO STORE,29/05/2014,8.89
Food Costs,TESCO STORE,19/06/2014,14.5
Food Costs,TESCO STORE,04/07/2014,10.32
Food Costs,TESCO STORE,04/07/2014,9.78
Food Costs,TESCO STORE,22/09/2014,7.04
Food Costs,TESCO STORE,02/09/2014,2.54
Food Costs,TESCO STORE,06/10/2014,4.63
Food Costs,TESCO STORE,06/10/2014,9.39
Food Costs,TESCO STORE,13/10/2014,23.4
Food Costs,TESCO STORE,24/11/2014,12
Food Costs,TESCO STORE,01/01/2015,8
Food Costs,TESCO STORE,16/01/2015,18.69
Food Costs,TESCO STORE,02/02/2015,7.25
Food Costs,TESCO STORE,23/02/2015,3.39
Food Costs,TESCO STORE,23/02/2015,3.07
Stationery,TESCO STORE,23/02/2015,6.46
Stationery,TESCO STORE,20/02/2015,0.9
Stationery,TESCO STORE,05/09/2014,6.06
Stationery,TESCO STORE,29/09/2014,13.64
Stationery,TESCO STORE,26/09/2014,27.51
Stationery,TESCO STORE,12/09/2014,31.89
Stationery,TESCO STORE,10/10/2014,19.31
Stationery,TESCO STORE,27/10/2014,27.13
Stationery,TESCO STORE,07/11/2014,28.73
Stationery,TESCO STORE,22/12/2014,6.97
Stationery,TESCO STORE,05/12/2014,24.29
Stationery,TESCO STORE,16/01/2015,26.78
Stationery,TESCO STORE,26/01/2015,13.39
Stationery,TESCO STORE,03/02/2015,18.65
Stationery,TESCO STORE,18/02/2015,4
Stationery,TESCO STORE,02/03/2015,17
Stationery,TESCO STORE,13/02/2015,22.74
Stationery,TESCO STORE,24/04/2014,205.62
Stationery,TESCO STORE,02/04/2014,226.13
Stationery,TESCO STORE,02/04/2014,-230.3
Stationery,TESCO STORE,29/04/2014,177.31
Stationery,TESCO STORE,07/05/2014,208.84
Stationery,TESCO STORE,13/05/2014,209.61
Stationery,TESCO STORE,28/05/2014,32.68
Stationery,TESCO STORE,20/05/2014,195.87
Stationery,TESCO STORE,01/07/2014,274.03
Stationery,TESCO STORE,03/06/2014,245.85
Stationery,TESCO STORE,24/06/2014,226.01
Stationery,Amazon EU,17/06/2014,233.5
Stationery,Amazon EU,10/06/2014,242.58
Stationery,Amazon EU,08/07/2014,216.46
Stationery,Amazon EU,29/07/2014,24.81
Stationery,Amazon EU,15/07/2014,204.13
Stationery,Amazon EU,18/07/2014,135.73
Stationery,SAINSBURYS,22/07/2014,29.4
Stationery,SAINSBURYS,19/08/2014,25.77
Stationery,SAINSBURYS,05/08/2014,47.06
Stationery,SAINSBURYS,30/09/2014,190.77
Stationery,SAINSBURYS,23/09/2014,209.68
Stationery,SAINSBURYS,05/09/2014,31.27
Stationery,SAINSBURYS,09/09/2014,195.36
Stationery,SAINSBURYS,16/09/2014,234.29
Stationery,SAINSBURYS,22/09/2014,48.15
Stationery,SAINSBURYS,21/10/2014,240.2
Stationery,SAINSBURYS,07/10/2014,228.37
Stationery,SAINSBURYS,28/10/2014,29.79
Stationery,SAINSBURYS,20/10/2014,28.92
Stationery,ASDA SUPERSTORE,14/10/2014,226.41
Stationery,ASDA SUPERSTORE,11/11/2014,261.01
Stationery,ASDA SUPERSTORE,25/11/2014,212.47
Stationery,ASDA SUPERSTORE,18/11/2014,199.92
Stationery,ASDA SUPERSTORE,04/11/2014,228.48
Stationery,ASDA SUPERSTORE,20/11/2014,113.07
Stationery,ASDA SUPERSTORE,11/11/2014,24
Stationery,ASDA SUPERSTORE,01/12/2014,29.3
Stationery,ASDA SUPERSTORE,02/12/2014,211.43
Stationery,ASDA SUPERSTORE,15/12/2014,64.74
Stationery,ASDA SUPERSTORE,16/12/2014,141.89
Stationery,ASDA SUPERSTORE,09/12/2014,187.07
Stationery,ASDA SUPERSTORE,16/12/2014,97.91
Stationery,TESCO STORE,30/12/2014,47
Stationery,TESCO STORE,06/01/2015,233.01
Stationery,TESCO STORE,13/01/2015,211.5
Stationery,TESCO STORE,20/01/2015,205.67
Stationery,TESCO STORE,27/01/2015,215.19
Stationery,TESCO STORE,07/01/2015,14.99
Stationery,TESCO STORE,26/01/2015,63.26
Stationery,TESCO STORE,02/02/2015,36.5
Stationery,TESCO STORE,10/02/2015,213.66
Stationery,TESCO STORE,03/02/2015,265.71
Stationery,TESCO STORE,23/02/2015,-51.98
Stationery,TESCO STORE,23/02/2015,51.98
Stationery,TESCO STORE,12/02/2015,70.85
Stationery,TESCO STORE,24/02/2015,225.79
Stationery,TESCO STORE,26/02/2015,3.32
Stationery,TESCO STORE,10/02/2015,180.16
Stationery,TESCO STORE,23/02/2015,62
Stationery,TESCO STORE,23/05/2014,23.55
Stationery,TESCO STORE,24/07/2014,7.48
Stationery,TESCO STORE,01/09/2014,6
Stationery,TESCO STORE,12/08/2014,4.82
Stationery,TESCO STORE,12/01/2015,3.5
Stationery,TESCO STORE,20/02/2015,1.49
